Model,Accuracy,Precision,Recall,F1 Score
XGBoost,0.9672544080604534,0.9675925925925926,0.9720930232558139,0.9698375870069605
Random Forest,0.9722921914357683,0.9766355140186916,0.9720930232558139,0.9743589743589743
ANN,0.9697732997481109,0.9720930232558139,0.9720930232558139,0.9720930232558139
